time,open,high,low,close,ha_open,ha_high,ha_low,ha_close,ha_color,candle_color
2025-09-04 09:15:00+05:30,370.05,374.0,306.0,318.4,344.225,374.0,306.0,342.11249999999995,RED,RED
2025-09-04 09:16:00+05:30,318.4,331.55,314.45,317.7,343.16875,343.16875,314.45,320.52500000000003,RED,RED
2025-09-04 09:17:00+05:30,317.7,324.1,309.9,313.5,331.846875,331.846875,309.9,316.29999999999995,RED,RED
2025-09-04 09:18:00+05:30,313.5,322.5,306.15,322.5,324.07343749999995,324.07343749999995,306.15,316.1625,RED,GREEN
2025-09-04 09:19:00+05:30,322.5,323.85,312.4,313.95,320.11796875,323.85,312.4,318.175,RED,RED
2025-09-04 09:20:00+05:30,313.95,314.95,303.7,311.55,319.146484375,319.146484375,303.7,311.03749999999997,RED,RED
2025-09-04 09:21:00+05:30,311.55,311.75,298.9,301.1,315.09199218749995,315.09199218749995,298.9,305.825,RED,RED
2025-09-04 09:22:00+05:30,301.1,321.5,300.55,319.45,310.45849609375,321.5,300.55,310.65000000000003,GREEN,GREEN
2025-09-04 09:23:00+05:30,319.45,328.9,314.35,320.25,310.55424804687505,328.9,310.55424804687505,320.73749999999995,GREEN,GREEN
2025-09-04 09:24:00+05:30,320.25,326.85,319.1,321.05,315.6458740234375,326.85,315.6458740234375,321.8125,GREEN,GREEN
2025-09-04 09:25:00+05:30,321.45,323.95,310.4,316.7,318.72918701171875,323.95,310.4,318.125,RED,RED
2025-09-04 09:26:00+05:30,316.2,327.0,311.0,323.7,318.4270935058594,327.0,311.0,319.475,GREEN,GREEN
2025-09-04 09:27:00+05:30,323.7,330.85,320.8,328.95,318.9510467529297,330.85,318.9510467529297,326.075,GREEN,GREEN
2025-09-04 09:28:00+05:30,328.95,341.7,327.6,341.6,322.51302337646484,341.7,322.51302337646484,334.9625,GREEN,GREEN
2025-09-04 09:29:00+05:30,341.6,346.75,339.25,343.5,328.7377616882324,346.75,328.7377616882324,342.775,GREEN,GREEN
2025-09-04 09:30:00+05:30,344.25,349.95,344.25,349.7,335.75638084411617,349.95,335.75638084411617,347.0375,GREEN,GREEN
2025-09-04 09:31:00+05:30,349.65,359.1,349.5,358.3,341.3969404220581,359.1,341.3969404220581,354.1375,GREEN,GREEN
2025-09-04 09:32:00+05:30,357.55,360.6,353.25,359.6,347.76722021102904,360.6,347.76722021102904,357.75,GREEN,GREEN
2025-09-04 09:33:00+05:30,358.2,363.1,357.0,362.25,352.75861010551455,363.1,352.75861010551455,360.1375,GREEN,GREEN
2025-09-04 09:34:00+05:30,362.25,381.0,360.85,378.55,356.44805505275724,381.0,356.44805505275724,370.66249999999997,GREEN,GREEN
2025-09-04 09:35:00+05:30,378.55,380.15,369.9,374.15,363.55527752637863,380.15,363.55527752637863,375.6875,GREEN,RED
2025-09-04 09:36:00+05:30,374.15,374.15,358.95,366.15,369.6213887631893,374.15,358.95,368.35,RED,RED
2025-09-04 09:37:00+05:30,366.15,366.15,357.15,361.6,368.98569438159467,368.98569438159467,357.15,362.76249999999993,RED,RED
2025-09-04 09:38:00+05:30,361.6,362.65,353.4,355.25,365.87409719079733,365.87409719079733,353.4,358.225,RED,RED
2025-09-04 09:39:00+05:30,355.25,355.95,338.6,347.2,362.0495485953987,362.0495485953987,338.6,349.25000000000006,RED,RED
2025-09-04 09:40:00+05:30,347.2,359.9,344.9,355.5,355.64977429769937,359.9,344.9,351.875,RED,GREEN
2025-09-04 09:41:00+05:30,355.5,359.55,350.45,355.45,353.7623871488497,359.55,350.45,355.2375,GREEN,DOJI
2025-09-04 09:42:00+05:30,355.45,356.25,338.55,338.55,354.49994357442483,356.25,338.55,347.2,RED,RED
2025-09-04 09:43:00+05:30,338.55,345.0,333.9,343.95,350.84997178721244,350.84997178721244,333.9,340.34999999999997,RED,GREEN
2025-09-04 09:44:00+05:30,343.6,343.85,332.55,332.55,345.59998589360623,345.59998589360623,332.55,338.1375,RED,RED
2025-09-04 09:45:00+05:30,332.55,342.75,328.5,338.55,341.8687429468031,342.75,328.5,335.5875,RED,GREEN
2025-09-04 09:46:00+05:30,338.55,345.0,335.95,341.55,338.72812147340153,345.0,335.95,340.2625,GREEN,GREEN
2025-09-04 09:47:00+05:30,341.55,354.45,338.2,351.6,339.49531073670073,354.45,338.2,346.45000000000005,GREEN,GREEN
2025-09-04 09:48:00+05:30,351.6,354.65,340.0,345.4,342.9726553683504,354.65,340.0,347.9125,GREEN,RED
2025-09-04 09:49:00+05:30,345.4,358.0,343.7,354.4,345.4425776841752,358.0,343.7,350.375,GREEN,GREEN
2025-09-04 09:50:00+05:30,354.4,359.75,352.55,356.45,347.9087888420876,359.75,347.9087888420876,355.7875,GREEN,GREEN
2025-09-04 09:51:00+05:30,356.45,357.75,348.0,349.65,351.8481444210438,357.75,348.0,352.9625,GREEN,RED
2025-09-04 09:52:00+05:30,349.65,356.2,345.5,352.0,352.4053222105219,356.2,345.5,350.8375,RED,GREEN
2025-09-04 09:53:00+05:30,350.0,357.85,348.0,355.15,351.6214111052609,357.85,348.0,352.75,GREEN,GREEN
2025-09-04 09:54:00+05:30,355.15,359.55,353.0,358.1,352.18570555263045,359.55,352.18570555263045,356.45000000000005,GREEN,GREEN
2025-09-04 09:55:00+05:30,358.1,360.0,352.4,354.65,354.31785277631525,360.0,352.4,356.2875,GREEN,RED
2025-09-04 09:56:00+05:30,355.55,359.0,352.85,352.85,355.30267638815764,359.0,352.85,355.0625,RED,RED
2025-09-04 09:57:00+05:30,352.85,357.0,351.1,354.2,355.1825881940788,357.0,351.1,353.7875,RED,GREEN
2025-09-04 09:58:00+05:30,354.2,356.9,352.65,354.15,354.4850440970394,356.9,352.65,354.475,DOJI,DOJI
2025-09-04 09:59:00+05:30,353.0,358.0,347.0,347.05,354.4800220485197,358.0,347.0,351.2625,RED,RED
2025-09-04 10:00:00+05:30,347.55,357.1,347.55,356.35,352.87126102425987,357.1,347.55,352.13750000000005,RED,GREEN
2025-09-04 10:01:00+05:30,356.35,358.6,346.35,347.05,352.50438051212996,358.6,346.35,352.08750000000003,RED,RED
2025-09-04 10:02:00+05:30,347.05,351.0,342.4,344.9,352.295940256065,352.295940256065,342.4,346.3375,RED,RED
2025-09-04 10:03:00+05:30,344.9,350.5,343.95,347.95,349.3167201280325,350.5,343.95,346.825,RED,GREEN
2025-09-04 10:04:00+05:30,347.95,348.0,341.05,345.85,348.07086006401624,348.07086006401624,341.05,345.7125,RED,RED
2025-09-04 10:05:00+05:30,345.85,346.15,339.25,342.0,346.89168003200814,346.89168003200814,339.25,343.3125,RED,RED
2025-09-04 10:06:00+05:30,342.0,345.0,338.65,339.3,345.10209001600407,345.10209001600407,338.65,341.2375,RED,RED
2025-09-04 10:07:00+05:30,339.3,340.75,335.4,335.4,343.16979500800204,343.16979500800204,335.4,337.7125,RED,RED
2025-09-04 10:08:00+05:30,335.4,340.05,332.95,332.95,340.44114750400104,340.44114750400104,332.95,335.33750000000003,RED,RED
2025-09-04 10:09:00+05:30,332.95,335.4,315.1,315.1,337.88932375200056,337.88932375200056,315.1,324.6375,RED,RED
2025-09-04 10:10:00+05:30,315.1,320.95,307.9,317.0,331.2634118760003,331.2634118760003,307.9,315.23749999999995,RED,GREEN
2025-09-04 10:11:00+05:30,317.0,323.4,309.55,309.55,323.25045593800013,323.4,309.55,314.875,RED,RED
2025-09-04 10:12:00+05:30,309.55,312.85,297.1,298.0,319.0627279690001,319.0627279690001,297.1,304.375,RED,RED
2025-09-04 10:13:00+05:30,298.0,298.0,288.65,288.65,311.71886398450005,311.71886398450005,288.65,293.325,RED,RED
2025-09-04 10:14:00+05:30,288.65,292.4,284.15,284.15,302.52193199225,302.52193199225,284.15,287.3375,RED,RED
2025-09-04 10:15:00+05:30,284.15,290.7,280.5,290.7,294.92971599612497,294.92971599612497,280.5,286.5125,RED,GREEN
2025-09-04 10:16:00+05:30,291.2,299.0,285.6,298.3,290.7211079980625,299.0,285.6,293.52500000000003,GREEN,GREEN
2025-09-04 10:17:00+05:30,298.3,298.6,287.9,294.7,292.1230539990313,298.6,287.9,294.875,GREEN,RED
2025-09-04 10:18:00+05:30,294.7,297.0,289.1,296.7,293.49902699951565,297.0,289.1,294.375,GREEN,GREEN
2025-09-04 10:19:00+05:30,298.0,305.35,295.25,305.35,293.9370134997578,305.35,293.9370134997578,300.9875,GREEN,GREEN
2025-09-04 10:20:00+05:30,304.2,306.5,300.0,303.0,297.4622567498789,306.5,297.4622567498789,303.425,GREEN,RED
2025-09-04 10:21:00+05:30,303.0,316.7,303.0,313.45,300.44362837493946,316.7,300.44362837493946,309.0375,GREEN,GREEN
2025-09-04 10:22:00+05:30,313.45,316.65,307.05,310.35,304.7405641874698,316.65,304.7405641874698,311.875,GREEN,RED
2025-09-04 10:23:00+05:30,310.35,320.45,310.35,315.9,308.3077820937349,320.45,308.3077820937349,314.2625,GREEN,GREEN
2025-09-04 10:24:00+05:30,315.9,318.6,313.6,318.6,311.28514104686747,318.6,311.28514104686747,316.675,GREEN,GREEN
2025-09-04 10:25:00+05:30,318.6,318.6,312.15,314.25,313.9800705234337,318.6,312.15,315.9,GREEN,RED
2025-09-04 10:26:00+05:30,314.25,314.3,297.85,298.45,314.94003526171684,314.94003526171684,297.85,306.2125,RED,RED
2025-09-04 10:27:00+05:30,298.45,302.5,295.35,302.2,310.5762676308584,310.5762676308584,295.35,299.625,RED,GREEN
2025-09-04 10:28:00+05:30,302.2,302.2,292.3,293.1,305.1006338154292,305.1006338154292,292.3,297.45000000000005,RED,RED
2025-09-04 10:29:00+05:30,294.85,297.75,294.0,295.5,301.2753169077146,301.2753169077146,294.0,295.525,RED,GREEN
2025-09-04 10:30:00+05:30,295.5,300.0,294.5,299.45,298.40015845385733,300.0,294.5,297.3625,RED,GREEN
2025-09-04 10:31:00+05:30,299.45,299.85,289.65,292.35,297.88132922692864,299.85,289.65,295.325,RED,RED
2025-09-04 10:32:00+05:30,292.35,292.55,286.4,289.3,296.6031646134643,296.6031646134643,286.4,290.15000000000003,RED,RED
2025-09-04 10:33:00+05:30,289.3,301.0,288.2,291.5,293.3765823067322,301.0,288.2,292.5,RED,GREEN
2025-09-04 10:34:00+05:30,291.5,299.1,290.0,296.6,292.9382911533661,299.1,290.0,294.3,GREEN,GREEN
2025-09-04 10:35:00+05:30,296.6,296.6,290.7,294.15,293.6191455766831,296.6,290.7,294.51250000000005,GREEN,RED
2025-09-04 10:36:00+05:30,294.15,297.0,283.75,286.75,294.06582278834156,297.0,283.75,290.4125,RED,RED
2025-09-04 10:37:00+05:30,286.75,291.3,286.65,291.05,292.23916139417076,292.23916139417076,286.65,288.9375,RED,GREEN
2025-09-04 10:38:00+05:30,291.05,293.05,285.35,286.2,290.5883306970854,293.05,285.35,288.9125,RED,RED
2025-09-04 10:39:00+05:30,286.2,292.25,280.2,282.3,289.7504153485427,292.25,280.2,285.2375,RED,RED
2025-09-04 10:40:00+05:30,282.3,284.5,275.45,281.15,287.4939576742713,287.4939576742713,275.45,280.85,RED,RED
2025-09-04 10:41:00+05:30,280.45,280.45,263.45,263.45,284.17197883713567,284.17197883713567,263.45,271.95,RED,RED
2025-09-04 10:42:00+05:30,265.25,272.0,262.0,271.4,278.06098941856783,278.06098941856783,262.0,267.6625,RED,GREEN
2025-09-04 10:43:00+05:30,271.4,275.0,268.8,273.5,272.8617447092839,275.0,268.8,272.175,RED,GREEN
2025-09-04 10:44:00+05:30,273.5,274.7,267.7,272.8,272.518372354642,274.7,267.7,272.175,RED,RED
2025-09-04 10:45:00+05:30,272.8,276.8,268.65,269.7,272.346686177321,276.8,268.65,271.9875,RED,RED
2025-09-04 10:46:00+05:30,269.0,276.5,269.0,273.0,272.1670930886605,276.5,269.0,271.875,RED,GREEN
2025-09-04 10:47:00+05:30,273.75,280.9,271.3,280.55,272.02104654433026,280.9,271.3,276.625,GREEN,GREEN
2025-09-04 10:48:00+05:30,280.35,282.6,277.55,279.35,274.32302327216513,282.6,274.32302327216513,279.9625,GREEN,RED
2025-09-04 10:49:00+05:30,279.35,286.95,276.9,286.95,277.1427616360826,286.95,276.9,282.53749999999997,GREEN,GREEN
2025-09-04 10:50:00+05:30,286.95,291.85,285.35,287.25,279.8401308180413,291.85,279.8401308180413,287.85,GREEN,GREEN
2025-09-04 10:51:00+05:30,287.25,290.55,284.75,288.6,283.84506540902066,290.55,283.84506540902066,287.7875,GREEN,GREEN
2025-09-04 10:52:00+05:30,288.0,295.5,286.95,290.7,285.81628270451034,295.5,285.81628270451034,290.2875,GREEN,GREEN
2025-09-04 10:53:00+05:30,290.7,294.35,287.85,288.55,288.0518913522552,294.35,287.85,290.3625,GREEN,RED
2025-09-04 10:54:00+05:30,288.55,290.0,287.35,287.35,289.20719567612764,290.0,287.35,288.3125,RED,RED
2025-09-04 10:55:00+05:30,287.35,287.35,281.1,285.5,288.7598478380638,288.7598478380638,281.1,285.32500000000005,RED,RED
2025-09-04 10:56:00+05:30,285.5,286.45,280.25,281.85,287.04242391903193,287.04242391903193,280.25,283.51250000000005,RED,RED
2025-09-04 10:57:00+05:30,281.7,285.0,279.5,281.95,285.277461959516,285.277461959516,279.5,282.0375,RED,GREEN
2025-09-04 10:58:00+05:30,281.95,293.0,281.95,290.25,283.657480979758,293.0,281.95,286.7875,GREEN,GREEN
2025-09-04 10:59:00+05:30,290.2,291.9,285.25,290.7,285.222490489879,291.9,285.222490489879,289.5125,GREEN,GREEN
2025-09-04 11:00:00+05:30,290.7,302.5,290.3,301.0,287.3674952449395,302.5,287.3674952449395,296.125,GREEN,GREEN
2025-09-04 11:01:00+05:30,301.0,303.3,297.15,298.6,291.74624762246975,303.3,291.74624762246975,300.0125,GREEN,RED
2025-09-04 11:02:00+05:30,298.6,298.6,288.6,292.1,295.87937381123487,298.6,288.6,294.475,RED,RED
2025-09-04 11:03:00+05:30,291.55,295.0,288.5,291.35,295.1771869056174,295.1771869056174,288.5,291.6,RED,RED
2025-09-04 11:04:00+05:30,291.35,291.95,282.5,284.5,293.3885934528087,293.3885934528087,282.5,287.575,RED,RED
2025-09-04 11:05:00+05:30,284.5,293.4,284.5,290.3,290.48179672640435,293.4,284.5,288.175,RED,GREEN
2025-09-04 11:06:00+05:30,290.3,291.95,288.0,290.0,289.32839836320215,291.95,288.0,290.0625,GREEN,RED
2025-09-04 11:07:00+05:30,290.0,290.0,284.15,285.55,289.6954491816011,290.0,284.15,287.425,RED,RED
2025-09-04 11:08:00+05:30,285.55,285.55,275.25,275.4,288.56022459080054,288.56022459080054,275.25,280.4375,RED,RED
2025-09-04 11:09:00+05:30,275.4,279.55,274.8,276.5,284.4988622954003,284.4988622954003,274.8,276.5625,RED,GREEN
2025-09-04 11:10:00+05:30,276.5,280.0,271.7,279.8,280.53068114770014,280.53068114770014,271.7,277.0,RED,GREEN
2025-09-04 11:11:00+05:30,279.8,282.6,276.05,281.6,278.76534057385004,282.6,276.05,280.01250000000005,GREEN,GREEN
2025-09-04 11:12:00+05:30,281.2,281.4,276.4,278.15,279.38892028692504,281.4,276.4,279.28749999999997,RED,RED
2025-09-04 11:13:00+05:30,278.15,280.15,276.15,278.55,279.3382101434625,280.15,276.15,278.25,RED,GREEN
2025-09-04 11:14:00+05:30,278.75,279.5,273.7,275.85,278.7941050717312,279.5,273.7,276.95000000000005,RED,RED
2025-09-04 11:15:00+05:30,275.85,280.75,273.6,280.75,277.87205253586563,280.75,273.6,277.7375,RED,GREEN
2025-09-04 11:16:00+05:30,280.75,282.4,275.6,276.6,277.8047762679328,282.4,275.6,278.8375,GREEN,RED
2025-09-04 11:17:00+05:30,276.6,279.6,275.5,275.65,278.32113813396643,279.6,275.5,276.8375,RED,RED
2025-09-04 11:18:00+05:30,275.65,281.0,274.0,280.25,277.5793190669832,281.0,274.0,277.725,GREEN,GREEN
2025-09-04 11:19:00+05:30,280.8,286.7,278.0,280.65,277.6521595334916,286.7,277.6521595334916,281.5375,GREEN,RED
2025-09-04 11:20:00+05:30,280.65,282.15,276.0,278.3,279.5948297667458,282.15,276.0,279.275,RED,RED
2025-09-04 11:21:00+05:30,278.3,278.3,268.0,272.65,279.4349148833729,279.4349148833729,268.0,274.3125,RED,RED
2025-09-04 11:22:00+05:30,272.65,274.0,266.2,268.25,276.87370744168646,276.87370744168646,266.2,270.275,RED,RED
2025-09-04 11:23:00+05:30,268.25,270.0,263.1,264.0,273.5743537208432,273.5743537208432,263.1,266.3375,RED,RED
2025-09-04 11:24:00+05:30,264.0,267.1,261.2,265.9,269.9559268604216,269.9559268604216,261.2,264.54999999999995,RED,GREEN
2025-09-04 11:25:00+05:30,265.9,269.9,264.6,269.9,267.2529634302108,269.9,264.6,267.575,GREEN,GREEN
2025-09-04 11:26:00+05:30,269.9,274.95,266.6,267.9,267.41398171510536,274.95,266.6,269.8375,GREEN,RED
2025-09-04 11:27:00+05:30,267.9,282.7,267.9,281.6,268.62574085755267,282.7,267.9,275.025,GREEN,GREEN
2025-09-04 11:28:00+05:30,282.0,283.6,277.35,281.75,271.8253704287763,283.6,271.8253704287763,281.175,GREEN,RED
2025-09-04 11:29:00+05:30,281.75,285.2,280.1,283.0,276.5001852143881,285.2,276.5001852143881,282.51250000000005,GREEN,GREEN
2025-09-04 11:30:00+05:30,283.0,288.2,280.6,287.35,279.5063426071941,288.2,279.5063426071941,284.7875,GREEN,GREEN
2025-09-04 11:31:00+05:30,287.35,288.3,284.45,285.65,282.1469213035971,288.3,282.1469213035971,286.4375,GREEN,RED
2025-09-04 11:32:00+05:30,284.65,286.45,282.55,285.5,284.29221065179854,286.45,282.55,284.78749999999997,GREEN,GREEN
2025-09-04 11:33:00+05:30,285.5,288.4,281.4,282.3,284.5398553258992,288.4,281.4,284.4,RED,RED
2025-09-04 11:34:00+05:30,282.3,285.0,281.4,284.8,284.4699276629496,285.0,281.4,283.375,RED,GREEN
2025-09-04 11:35:00+05:30,284.8,285.0,273.2,274.05,283.92246383147483,285.0,273.2,279.2625,RED,RED
2025-09-04 11:36:00+05:30,274.05,277.0,270.8,277.0,281.5924819157374,281.5924819157374,270.8,274.7125,RED,GREEN
2025-09-04 11:37:00+05:30,277.0,280.7,274.65,278.35,278.1524909578687,280.7,274.65,277.675,RED,GREEN
2025-09-04 11:38:00+05:30,278.35,282.5,277.0,277.2,277.91374547893435,282.5,277.0,278.7625,GREEN,RED
2025-09-04 11:39:00+05:30,277.2,282.75,277.2,279.0,278.33812273946717,282.75,277.2,279.0375,GREEN,GREEN
2025-09-04 11:40:00+05:30,278.0,281.35,276.25,280.9,278.6878113697336,281.35,276.25,279.125,GREEN,GREEN
2025-09-04 11:41:00+05:30,280.9,282.65,278.0,281.15,278.9064056848668,282.65,278.0,280.67499999999995,GREEN,GREEN
2025-09-04 11:42:00+05:30,281.6,283.9,278.95,281.0,279.79070284243335,283.9,278.95,281.3625,GREEN,RED
2025-09-04 11:43:00+05:30,281.0,281.0,277.0,279.65,280.57660142121665,281.0,277.0,279.6625,RED,RED
2025-09-04 11:44:00+05:30,279.25,281.15,277.65,278.65,280.11955071060834,281.15,277.65,279.17499999999995,RED,RED
2025-09-04 11:45:00+05:30,278.65,280.0,275.75,278.75,279.64727535530415,280.0,275.75,278.2875,RED,GREEN
2025-09-04 11:46:00+05:30,278.75,282.45,275.85,278.3,278.9673876776521,282.45,275.85,278.83750000000003,RED,RED
2025-09-04 11:47:00+05:30,278.3,278.3,272.1,272.1,278.90244383882606,278.90244383882606,272.1,275.20000000000005,RED,RED
2025-09-04 11:48:00+05:30,272.1,279.2,271.6,278.4,277.051221919413,279.2,271.6,275.325,RED,GREEN
2025-09-04 11:49:00+05:30,278.4,278.4,268.8,271.3,276.1881109597065,278.4,268.8,274.22499999999997,RED,RED
2025-09-04 11:50:00+05:30,271.3,275.8,268.05,273.95,275.20655547985325,275.8,268.05,272.27500000000003,RED,GREEN
2025-09-04 11:51:00+05:30,273.95,282.0,273.0,276.35,273.74077773992667,282.0,273.0,276.32500000000005,GREEN,GREEN
2025-09-04 11:52:00+05:30,275.4,276.2,269.7,271.75,275.03288886996336,276.2,269.7,273.2625,RED,RED
2025-09-04 11:53:00+05:30,271.75,275.4,270.8,272.85,274.14769443498164,275.4,270.8,272.70000000000005,RED,GREEN
2025-09-04 11:54:00+05:30,272.85,279.35,271.6,277.85,273.42384721749085,279.35,271.6,275.4125,GREEN,GREEN
2025-09-04 11:55:00+05:30,277.85,280.75,275.0,277.8,274.4181736087454,280.75,274.4181736087454,277.85,GREEN,DOJI
2025-09-04 11:56:00+05:30,277.8,279.8,276.0,276.0,276.1340868043727,279.8,276.0,277.4,GREEN,RED
2025-09-04 11:57:00+05:30,276.0,276.1,272.9,274.95,276.76704340218635,276.76704340218635,272.9,274.9875,RED,RED
2025-09-04 11:58:00+05:30,274.95,277.7,274.6,276.1,275.87727170109315,277.7,274.6,275.8375,DOJI,GREEN
2025-09-04 11:59:00+05:30,276.1,278.25,275.25,277.05,275.85738585054656,278.25,275.25,276.6625,GREEN,GREEN
2025-09-04 12:00:00+05:30,277.05,278.0,274.3,277.65,276.2599429252733,278.0,274.3,276.75,GREEN,GREEN
2025-09-04 12:01:00+05:30,277.65,281.95,276.35,280.6,276.50497146263666,281.95,276.35,279.1375,GREEN,GREEN
2025-09-04 12:02:00+05:30,280.6,285.0,279.9,282.75,277.8212357313183,285.0,277.8212357313183,282.0625,GREEN,GREEN
2025-09-04 12:03:00+05:30,282.0,286.9,281.4,281.95,279.94186786565916,286.9,279.94186786565916,283.0625,GREEN,DOJI
2025-09-04 12:04:00+05:30,281.6,283.25,280.85,282.35,281.50218393282955,283.25,280.85,282.01250000000005,GREEN,GREEN
2025-09-04 12:05:00+05:30,282.35,297.3,282.35,295.9,281.7573419664148,297.3,281.7573419664148,289.475,GREEN,GREEN
2025-09-04 12:06:00+05:30,295.9,298.85,294.05,296.5,285.61617098320744,298.85,285.61617098320744,296.325,GREEN,GREEN
2025-09-04 12:07:00+05:30,296.5,296.5,277.25,281.7,290.97058549160374,296.5,277.25,287.9875,RED,RED
2025-09-04 12:08:00+05:30,282.3,286.5,268.25,268.8,289.47904274580185,289.47904274580185,268.25,276.4625,RED,RED
2025-09-04 12:09:00+05:30,269.3,271.65,267.4,269.65,282.9707713729009,282.9707713729009,267.4,269.5,RED,GREEN
2025-09-04 12:10:00+05:30,269.5,272.55,260.0,265.85,276.23538568645046,276.23538568645046,260.0,266.975,RED,RED
2025-09-04 12:11:00+05:30,266.95,267.25,258.0,258.0,271.60519284322527,271.60519284322527,258.0,262.55,RED,RED
2025-09-04 12:12:00+05:30,259.9,262.1,254.55,258.8,267.0775964216126,267.0775964216126,254.55,258.8375,RED,RED
2025-09-04 12:13:00+05:30,258.8,261.0,251.65,257.65,262.9575482108063,262.9575482108063,251.65,257.275,RED,RED
2025-09-04 12:14:00+05:30,257.65,263.95,255.65,263.95,260.11627410540314,263.95,255.65,260.29999999999995,GREEN,GREEN
2025-09-04 12:15:00+05:30,263.95,264.55,259.25,262.9,260.20813705270155,264.55,259.25,262.6625,GREEN,RED
2025-09-04 12:16:00+05:30,263.35,263.35,256.9,259.2,261.4353185263508,263.35,256.9,260.7,RED,RED
2025-09-04 12:17:00+05:30,259.2,262.65,258.7,260.85,261.0676592631754,262.65,258.7,260.35,RED,GREEN
2025-09-04 12:18:00+05:30,260.85,261.3,248.45,248.45,260.7088296315877,261.3,248.45,254.76250000000005,RED,RED
2025-09-04 12:19:00+05:30,248.45,256.65,248.45,255.05,257.7356648157939,257.7356648157939,248.45,252.14999999999998,RED,GREEN
2025-09-04 12:20:00+05:30,255.05,258.0,245.75,248.5,254.94283240789693,258.0,245.75,251.825,RED,RED
2025-09-04 12:21:00+05:30,249.05,250.25,240.4,242.05,253.38391620394844,253.38391620394844,240.4,245.4375,RED,RED
2025-09-04 12:22:00+05:30,242.05,244.4,238.0,239.55,249.41070810197422,249.41070810197422,238.0,241.0,RED,RED
2025-09-04 12:23:00+05:30,239.55,240.0,233.4,235.45,245.20535405098713,245.20535405098713,233.4,237.10000000000002,RED,RED
2025-09-04 12:24:00+05:30,237.1,239.8,233.9,236.6,241.15267702549357,241.15267702549357,233.9,236.85,RED,RED
2025-09-04 12:25:00+05:30,236.05,238.15,234.4,238.15,239.00133851274677,239.00133851274677,234.4,236.6875,RED,GREEN
2025-09-04 12:26:00+05:30,237.15,239.65,233.35,236.05,237.84441925637338,239.65,233.35,236.55,RED,RED
2025-09-04 12:27:00+05:30,236.05,240.0,234.4,235.6,237.1972096281867,240.0,234.4,236.51250000000002,RED,RED
2025-09-04 12:28:00+05:30,235.5,243.9,235.5,243.15,236.85485481409336,243.9,235.5,239.5125,GREEN,GREEN
2025-09-04 12:29:00+05:30,243.15,243.15,237.0,239.4,238.18367740704667,243.15,237.0,240.67499999999998,GREEN,RED
2025-09-04 12:30:00+05:30,239.4,243.4,238.1,241.65,239.42933870352334,243.4,238.1,240.6375,GREEN,GREEN
2025-09-04 12:31:00+05:30,241.8,243.85,240.0,243.05,240.03341935176167,243.85,240.0,242.175,GREEN,GREEN
2025-09-04 12:32:00+05:30,243.05,246.0,241.7,245.0,241.10420967588084,246.0,241.10420967588084,243.9375,GREEN,GREEN
2025-09-04 12:33:00+05:30,245.2,254.65,244.5,254.65,242.52085483794042,254.65,242.52085483794042,249.75,GREEN,GREEN
2025-09-04 12:34:00+05:30,254.65,256.6,248.2,248.55,246.1354274189702,256.6,246.1354274189702,252.0,GREEN,RED
2025-09-04 12:35:00+05:30,248.55,253.15,245.85,253.15,249.0677137094851,253.15,245.85,250.175,GREEN,GREEN
2025-09-04 12:36:00+05:30,253.65,257.3,251.8,254.9,249.62135685474254,257.3,249.62135685474254,254.4125,GREEN,GREEN
2025-09-04 12:37:00+05:30,255.45,260.15,255.3,258.1,252.01692842737128,260.15,252.01692842737128,257.25,GREEN,GREEN
2025-09-04 12:38:00+05:30,258.1,262.9,257.65,259.85,254.63346421368564,262.9,254.63346421368564,259.625,GREEN,GREEN
2025-09-04 12:39:00+05:30,259.65,263.9,257.65,262.2,257.12923210684284,263.9,257.12923210684284,260.84999999999997,GREEN,GREEN
2025-09-04 12:40:00+05:30,262.2,267.85,260.7,267.2,258.9896160534214,267.85,258.9896160534214,264.4875,GREEN,GREEN
2025-09-04 12:41:00+05:30,267.2,267.2,261.7,265.0,261.73855802671073,267.2,261.7,265.275,GREEN,RED
2025-09-04 12:42:00+05:30,265.0,265.65,261.4,263.55,263.50677901335536,265.65,261.4,263.9,GREEN,RED
2025-09-04 12:43:00+05:30,263.55,265.9,262.0,264.5,263.7033895066777,265.9,262.0,263.9875,GREEN,GREEN
2025-09-04 12:44:00+05:30,264.5,274.65,264.35,274.65,263.8454447533388,274.65,263.8454447533388,269.5375,GREEN,GREEN
2025-09-04 12:45:00+05:30,274.9,282.15,270.05,279.15,266.6914723766694,282.15,266.6914723766694,276.5625,GREEN,GREEN
2025-09-04 12:46:00+05:30,279.4,288.0,278.0,288.0,271.62698618833474,288.0,271.62698618833474,283.35,GREEN,GREEN
2025-09-04 12:47:00+05:30,287.0,289.3,278.3,279.95,277.4884930941674,289.3,277.4884930941674,283.6375,GREEN,RED
2025-09-04 12:48:00+05:30,279.7,284.35,277.7,280.85,280.5629965470837,284.35,277.7,280.65,GREEN,GREEN
2025-09-04 12:49:00+05:30,280.85,285.0,279.4,279.4,280.60649827354183,285.0,279.4,281.1625,GREEN,RED
2025-09-04 12:50:00+05:30,279.4,279.4,270.6,271.15,280.88449913677096,280.88449913677096,270.6,275.1375,RED,RED
2025-09-04 12:51:00+05:30,271.15,272.95,267.6,269.6,278.0109995683855,278.0109995683855,267.6,270.325,RED,RED
2025-09-04 12:52:00+05:30,269.6,276.35,268.0,268.95,274.1679997841927,276.35,268.0,270.725,RED,RED
2025-09-04 12:53:00+05:30,269.0,277.7,269.0,276.3,272.44649989209637,277.7,269.0,273.0,GREEN,GREEN
2025-09-04 12:54:00+05:30,276.3,278.8,274.1,278.0,272.7232499460482,278.8,272.7232499460482,276.8,GREEN,GREEN
2025-09-04 12:55:00+05:30,278.0,279.0,274.25,278.0,274.76162497302414,279.0,274.25,277.3125,GREEN,DOJI
2025-09-04 12:56:00+05:30,278.0,283.0,276.45,278.5,276.03706248651207,283.0,276.03706248651207,278.9875,GREEN,GREEN
2025-09-04 12:57:00+05:30,278.5,283.15,276.05,282.25,277.51228124325604,283.15,276.05,279.9875,GREEN,GREEN
2025-09-04 12:58:00+05:30,282.25,296.4,282.25,291.15,278.749890621628,296.4,278.749890621628,288.0125,GREEN,GREEN
2025-09-04 12:59:00+05:30,291.15,291.6,285.85,290.65,283.381195310814,291.6,283.381195310814,289.8125,GREEN,RED
2025-09-04 13:00:00+05:30,290.65,296.65,286.0,286.45,286.59684765540703,296.65,286.0,289.9375,GREEN,RED
2025-09-04 13:01:00+05:30,286.45,291.55,284.85,289.0,288.2671738277035,291.55,284.85,287.9625,RED,GREEN
2025-09-04 13:02:00+05:30,288.9,289.5,281.7,284.5,288.1148369138517,289.5,281.7,286.15,RED,RED
2025-09-04 13:03:00+05:30,284.5,293.0,283.5,291.0,287.13241845692585,293.0,283.5,288.0,GREEN,GREEN
2025-09-04 13:04:00+05:30,291.0,292.85,286.0,291.5,287.5662092284629,292.85,286.0,290.3375,GREEN,GREEN
2025-09-04 13:05:00+05:30,291.0,291.5,285.65,285.65,288.9518546142315,291.5,285.65,288.45,RED,RED
2025-09-04 13:06:00+05:30,287.15,288.7,283.85,287.4,288.70092730711576,288.70092730711576,283.85,286.775,RED,GREEN
2025-09-04 13:07:00+05:30,288.5,292.6,288.45,288.45,287.73796365355787,292.6,287.73796365355787,289.5,GREEN,DOJI
2025-09-04 13:08:00+05:30,288.45,289.0,284.8,285.65,288.61898182677896,289.0,284.8,286.975,RED,RED
2025-09-04 13:09:00+05:30,285.65,286.75,277.3,280.45,287.7969909133895,287.7969909133895,277.3,282.5375,RED,RED
2025-09-04 13:10:00+05:30,279.6,283.7,278.4,278.4,285.1672454566948,285.1672454566948,278.4,280.025,RED,RED
2025-09-04 13:11:00+05:30,278.4,278.4,269.15,270.9,282.5961227283474,282.5961227283474,269.15,274.2125,RED,RED
2025-09-04 13:12:00+05:30,270.9,273.7,263.5,264.15,278.4043113641737,278.4043113641737,263.5,268.0625,RED,RED
2025-09-04 13:13:00+05:30,264.35,270.75,264.35,267.65,273.23340568208687,273.23340568208687,264.35,266.775,RED,GREEN
2025-09-04 13:14:00+05:30,267.65,273.35,265.4,272.3,270.0042028410434,273.35,265.4,269.675,RED,GREEN
2025-09-04 13:15:00+05:30,272.3,285.25,271.0,283.25,269.8396014205217,285.25,269.8396014205217,277.95,GREEN,GREEN
2025-09-04 13:16:00+05:30,283.25,283.45,267.65,273.95,273.8948007102608,283.45,267.65,277.075,GREEN,RED
2025-09-04 13:17:00+05:30,273.95,274.0,268.5,270.3,275.48490035513043,275.48490035513043,268.5,271.6875,RED,RED
2025-09-04 13:18:00+05:30,270.3,270.35,265.25,267.3,273.5862001775652,273.5862001775652,265.25,268.3,RED,RED
2025-09-04 13:19:00+05:30,267.3,272.6,266.95,268.0,270.9431000887826,272.6,266.95,268.71250000000003,RED,GREEN
2025-09-04 13:20:00+05:30,268.0,272.4,267.0,269.15,269.8278000443913,272.4,267.0,269.1375,RED,GREEN
2025-09-04 13:21:00+05:30,269.15,271.15,267.65,269.8,269.4826500221957,271.15,267.65,269.4375,DOJI,GREEN
2025-09-04 13:22:00+05:30,269.8,277.35,269.8,275.1,269.46007501109784,277.35,269.46007501109784,273.01250000000005,GREEN,GREEN
2025-09-04 13:23:00+05:30,275.1,279.05,274.7,279.05,271.23628750554894,279.05,271.23628750554894,276.975,GREEN,GREEN
2025-09-04 13:24:00+05:30,279.4,282.35,276.15,276.3,274.1056437527745,282.35,274.1056437527745,278.55,GREEN,RED
2025-09-04 13:25:00+05:30,276.3,279.0,270.2,276.0,276.32782187638725,279.0,270.2,275.375,RED,RED
2025-09-04 13:26:00+05:30,276.0,277.65,274.15,277.0,275.8514109381936,277.65,274.15,276.2,GREEN,GREEN
2025-09-04 13:27:00+05:30,277.0,278.2,274.35,276.45,276.0257054690968,278.2,274.35,276.5,GREEN,RED
2025-09-04 13:28:00+05:30,276.45,276.45,271.0,274.1,276.2628527345484,276.45,271.0,274.5,RED,RED
2025-09-04 13:29:00+05:30,274.1,274.4,270.15,272.55,275.38142636727423,275.38142636727423,270.15,272.8,RED,RED
2025-09-04 13:30:00+05:30,272.55,277.0,272.1,274.0,274.09071318363715,277.0,272.1,273.9125,RED,GREEN
2025-09-04 13:31:00+05:30,274.0,275.55,270.1,275.4,274.0016065918186,275.55,270.1,273.7625,RED,GREEN
2025-09-04 13:32:00+05:30,275.4,277.0,273.0,277.0,273.88205329590926,277.0,273.0,275.6,GREEN,GREEN
2025-09-04 13:33:00+05:30,276.95,281.95,270.4,271.05,274.74102664795464,281.95,270.4,275.0875,GREEN,RED
2025-09-04 13:34:00+05:30,269.0,276.0,269.0,275.25,274.9142633239773,276.0,269.0,272.3125,RED,GREEN
2025-09-04 13:35:00+05:30,275.25,275.95,264.1,265.25,273.6133816619887,275.95,264.1,270.13750000000005,RED,RED
2025-09-04 13:36:00+05:30,264.85,271.05,264.85,271.0,271.87544083099436,271.87544083099436,264.85,267.9375,RED,GREEN
2025-09-04 13:37:00+05:30,271.0,273.15,264.25,266.7,269.9064704154972,273.15,264.25,268.775,RED,RED
2025-09-04 13:38:00+05:30,266.7,269.9,266.7,268.0,269.3407352077486,269.9,266.7,267.825,RED,GREEN
2025-09-04 13:39:00+05:30,268.0,272.65,267.0,268.3,268.5828676038743,272.65,267.0,268.9875,GREEN,GREEN
2025-09-04 13:40:00+05:30,268.3,269.5,260.35,260.35,268.78518380193714,269.5,260.35,264.625,RED,RED
2025-09-04 13:41:00+05:30,260.35,263.85,256.5,260.6,266.70509190096857,266.70509190096857,256.5,260.32500000000005,RED,GREEN
2025-09-04 13:42:00+05:30,260.6,260.95,253.85,256.45,263.5150459504843,263.5150459504843,253.85,257.9625,RED,RED
2025-09-04 13:43:00+05:30,256.45,256.45,248.05,253.0,260.7387729752421,260.7387729752421,248.05,253.4875,RED,RED
2025-09-04 13:44:00+05:30,251.45,253.0,246.1,250.9,257.1131364876211,257.1131364876211,246.1,250.36249999999998,RED,RED
2025-09-04 13:45:00+05:30,250.8,254.9,249.7,253.45,253.73781824381052,254.9,249.7,252.21250000000003,RED,GREEN
2025-09-04 13:46:00+05:30,252.65,253.6,249.65,251.7,252.97515912190528,253.6,249.65,251.89999999999998,RED,RED
2025-09-04 13:47:00+05:30,251.7,251.7,243.5,247.1,252.43757956095263,252.43757956095263,243.5,248.5,RED,RED
2025-09-04 13:48:00+05:30,247.1,247.8,237.7,238.6,250.4687897804763,250.4687897804763,237.7,242.79999999999998,RED,RED
2025-09-04 13:49:00+05:30,238.6,243.4,237.65,242.0,246.63439489023813,246.63439489023813,237.65,240.4125,RED,GREEN
2025-09-04 13:50:00+05:30,242.0,244.05,235.7,242.8,243.52344744511907,244.05,235.7,241.1375,RED,GREEN
2025-09-04 13:51:00+05:30,243.6,248.05,243.0,248.0,242.33047372255953,248.05,242.33047372255953,245.6625,GREEN,GREEN
2025-09-04 13:52:00+05:30,248.0,255.6,247.65,248.8,243.99648686127978,255.6,243.99648686127978,250.0125,GREEN,GREEN
2025-09-04 13:53:00+05:30,248.9,254.8,247.55,252.4,247.00449343063988,254.8,247.00449343063988,250.9125,GREEN,GREEN
2025-09-04 13:54:00+05:30,252.3,254.0,244.9,247.85,248.95849671531994,254.0,244.9,249.76250000000002,GREEN,RED
2025-09-04 13:55:00+05:30,246.75,251.25,244.95,249.35,249.36049835766,251.25,244.95,248.07500000000002,RED,GREEN
2025-09-04 13:56:00+05:30,249.35,251.0,248.0,248.55,248.71774917883,251.0,248.0,249.22500000000002,GREEN,RED
2025-09-04 13:57:00+05:30,248.55,252.45,246.9,251.0,248.971374589415,252.45,246.9,249.725,GREEN,GREEN
2025-09-04 13:58:00+05:30,251.0,251.0,244.0,244.15,249.3481872947075,251.0,244.0,247.5375,RED,RED
2025-09-04 13:59:00+05:30,244.4,245.5,240.9,243.0,248.44284364735375,248.44284364735375,240.9,243.45,RED,RED
2025-09-04 14:00:00+05:30,243.0,248.55,242.85,245.35,245.94642182367687,248.55,242.85,244.9375,RED,GREEN
2025-09-04 14:01:00+05:30,245.0,248.95,245.0,247.9,245.44196091183844,248.95,245.0,246.7125,GREEN,GREEN
2025-09-04 14:02:00+05:30,247.9,251.45,244.65,251.0,246.07723045591922,251.45,244.65,248.75,GREEN,GREEN
2025-09-04 14:03:00+05:30,251.0,251.8,248.45,250.0,247.4136152279596,251.8,247.4136152279596,250.3125,GREEN,RED
2025-09-04 14:04:00+05:30,250.0,251.3,247.9,249.7,248.8630576139798,251.3,247.9,249.72500000000002,GREEN,RED
2025-09-04 14:05:00+05:30,250.2,250.2,239.05,239.05,249.2940288069899,250.2,239.05,244.625,RED,RED
2025-09-04 14:06:00+05:30,239.05,244.75,238.05,241.9,246.95951440349495,246.95951440349495,238.05,240.9375,RED,GREEN
2025-09-04 14:07:00+05:30,241.9,244.3,240.3,242.6,243.94850720174747,244.3,240.3,242.275,RED,GREEN
2025-09-04 14:08:00+05:30,242.6,243.15,236.0,242.6,243.11175360087373,243.15,236.0,241.0875,RED,DOJI
2025-09-04 14:09:00+05:30,242.6,244.75,239.8,242.65,242.09962680043685,244.75,239.8,242.45000000000002,GREEN,GREEN
2025-09-04 14:10:00+05:30,242.65,243.35,239.45,240.0,242.27481340021842,243.35,239.45,241.3625,RED,RED
2025-09-04 14:11:00+05:30,240.0,249.0,238.8,246.65,241.81865670010922,249.0,238.8,243.61249999999998,GREEN,GREEN
2025-09-04 14:12:00+05:30,246.65,246.9,231.9,234.45,242.7155783500546,246.9,231.9,239.97500000000002,RED,RED
2025-09-04 14:13:00+05:30,234.45,236.7,233.25,234.8,241.34528917502732,241.34528917502732,233.25,234.8,RED,GREEN
2025-09-04 14:14:00+05:30,234.8,238.65,231.85,238.3,238.07264458751365,238.65,231.85,235.90000000000003,RED,GREEN
2025-09-04 14:15:00+05:30,238.3,238.4,230.55,232.7,236.98632229375684,238.4,230.55,234.9875,RED,RED
2025-09-04 14:16:00+05:30,232.7,234.35,220.05,220.8,235.9869111468784,235.9869111468784,220.05,226.97499999999997,RED,RED
2025-09-04 14:17:00+05:30,220.45,233.05,220.45,229.95,231.4809555734392,233.05,220.45,225.97500000000002,RED,GREEN
2025-09-04 14:18:00+05:30,229.95,231.9,225.15,227.85,228.7279777867196,231.9,225.15,228.7125,DOJI,RED
2025-09-04 14:19:00+05:30,227.85,229.0,224.65,226.65,228.7202388933598,229.0,224.65,227.0375,RED,RED
2025-09-04 14:20:00+05:30,226.65,234.35,224.95,232.8,227.87886944667991,234.35,224.95,229.6875,GREEN,GREEN
2025-09-04 14:21:00+05:30,233.0,233.0,224.4,227.7,228.78318472333996,233.0,224.4,229.52499999999998,GREEN,RED
2025-09-04 14:22:00+05:30,227.0,228.9,207.6,207.6,229.15409236166997,229.15409236166997,207.6,217.775,RED,RED
2025-09-04 14:23:00+05:30,209.1,211.6,202.75,205.15,223.464546180835,223.464546180835,202.75,207.15,RED,RED
2025-09-04 14:24:00+05:30,205.1,205.1,199.65,200.4,215.30727309041748,215.30727309041748,199.65,202.5625,RED,RED
2025-09-04 14:25:00+05:30,200.0,203.25,196.35,201.95,208.93488654520874,208.93488654520874,196.35,200.3875,RED,GREEN
2025-09-04 14:26:00+05:30,200.65,204.45,197.9,198.3,204.66119327260435,204.66119327260435,197.9,200.325,RED,RED
2025-09-04 14:27:00+05:30,198.75,202.0,198.0,201.3,202.49309663630217,202.49309663630217,198.0,200.0125,RED,GREEN
2025-09-04 14:28:00+05:30,202.0,206.7,200.2,205.05,201.25279831815106,206.7,200.2,203.4875,GREEN,GREEN
2025-09-04 14:29:00+05:30,204.3,205.0,200.5,200.55,202.37014915907554,205.0,200.5,202.58749999999998,GREEN,RED
2025-09-04 14:30:00+05:30,200.95,212.35,200.6,212.35,202.47882457953776,212.35,200.6,206.5625,GREEN,GREEN
2025-09-04 14:31:00+05:30,212.4,218.25,211.0,213.0,204.5206622897689,218.25,204.5206622897689,213.6625,GREEN,GREEN
2025-09-04 14:32:00+05:30,213.0,221.7,213.0,217.15,209.09158114488446,221.7,209.09158114488446,216.2125,GREEN,GREEN
2025-09-04 14:33:00+05:30,216.4,217.05,210.45,213.0,212.65204057244222,217.05,210.45,214.22500000000002,GREEN,RED
2025-09-04 14:34:00+05:30,213.0,218.9,211.05,211.6,213.43852028622112,218.9,211.05,213.63750000000002,GREEN,RED
2025-09-04 14:35:00+05:30,211.6,213.65,208.45,208.6,213.53801014311057,213.65,208.45,210.57500000000002,RED,RED
2025-09-04 14:36:00+05:30,208.6,216.5,208.6,215.45,212.0565050715553,216.5,208.6,212.28750000000002,GREEN,GREEN
2025-09-04 14:37:00+05:30,215.15,215.95,211.85,214.0,212.17200253577766,215.95,211.85,214.2375,GREEN,RED
2025-09-04 14:38:00+05:30,214.2,215.0,208.55,209.5,213.20475126788884,215.0,208.55,211.8125,RED,RED
2025-09-04 14:39:00+05:30,209.5,209.6,201.0,203.8,212.5086256339444,212.5086256339444,201.0,205.97500000000002,RED,RED
2025-09-04 14:40:00+05:30,203.8,212.0,203.8,207.4,209.2418128169722,212.0,203.8,206.75,RED,GREEN
2025-09-04 14:41:00+05:30,207.4,214.4,207.4,210.25,207.99590640848612,214.4,207.4,209.8625,GREEN,GREEN
2025-09-04 14:42:00+05:30,210.25,213.05,207.0,212.45,208.92920320424307,213.05,207.0,210.6875,GREEN,GREEN
2025-09-04 14:43:00+05:30,212.45,224.65,211.7,221.55,209.80835160212155,224.65,209.80835160212155,217.58749999999998,GREEN,GREEN
2025-09-04 14:44:00+05:30,221.55,230.8,221.55,224.1,213.69792580106076,230.8,213.69792580106076,224.50000000000003,GREEN,GREEN
2025-09-04 14:45:00+05:30,224.1,224.7,218.0,218.0,219.0989629005304,224.7,218.0,221.2,GREEN,RED
2025-09-04 14:46:00+05:30,218.0,222.6,214.3,222.55,220.1494814502652,222.6,214.3,219.3625,RED,GREEN
2025-09-04 14:47:00+05:30,222.55,222.7,218.65,220.8,219.75599072513262,222.7,218.65,221.175,GREEN,RED
2025-09-04 14:48:00+05:30,220.8,220.8,217.0,219.5,220.46549536256632,220.8,217.0,219.525,RED,RED
2025-09-04 14:49:00+05:30,220.0,224.5,219.9,223.0,219.99524768128316,224.5,219.9,221.85,GREEN,GREEN
2025-09-04 14:50:00+05:30,223.0,229.7,221.5,227.6,220.92262384064156,229.7,220.92262384064156,225.45000000000002,GREEN,GREEN
2025-09-04 14:51:00+05:30,227.6,234.85,222.05,223.0,223.1863119203208,234.85,222.05,226.875,GREEN,RED
2025-09-04 14:52:00+05:30,222.7,225.45,219.45,223.1,225.0306559601604,225.45,219.45,222.67499999999998,RED,GREEN
2025-09-04 14:53:00+05:30,223.45,223.45,210.6,211.45,223.85282798008018,223.85282798008018,210.6,217.2375,RED,RED
2025-09-04 14:54:00+05:30,211.65,213.4,205.45,207.8,220.5451639900401,220.5451639900401,205.45,209.575,RED,RED
2025-09-04 14:55:00+05:30,208.6,220.5,208.6,219.05,215.06008199502003,220.5,208.6,214.1875,RED,GREEN
2025-09-04 14:56:00+05:30,219.95,229.7,219.3,224.0,214.62379099751,229.7,214.62379099751,223.2375,GREEN,GREEN
2025-09-04 14:57:00+05:30,223.2,223.45,214.55,215.7,218.930645498755,223.45,214.55,219.22500000000002,GREEN,RED
2025-09-04 14:58:00+05:30,217.15,217.6,209.25,211.85,219.0778227493775,219.0778227493775,209.25,213.9625,RED,RED
2025-09-04 14:59:00+05:30,211.6,214.6,210.15,210.7,216.52016137468877,216.52016137468877,210.15,211.7625,RED,RED
2025-09-04 15:00:00+05:30,210.7,215.55,207.55,208.5,214.14133068734438,215.55,207.55,210.575,RED,RED
2025-09-04 15:01:00+05:30,208.5,216.0,208.5,212.05,212.35816534367217,216.0,208.5,211.2625,RED,GREEN
2025-09-04 15:02:00+05:30,212.3,216.3,205.7,207.6,211.81033267183608,216.3,205.7,210.475,RED,RED
2025-09-04 15:03:00+05:30,207.6,207.9,201.45,201.45,211.14266633591802,211.14266633591802,201.45,204.60000000000002,RED,RED
2025-09-04 15:04:00+05:30,201.45,202.6,193.0,197.05,207.87133316795902,207.87133316795902,193.0,198.52499999999998,RED,RED
2025-09-04 15:05:00+05:30,197.05,199.9,191.2,193.4,203.1981665839795,203.1981665839795,191.2,195.38750000000002,RED,RED
2025-09-04 15:06:00+05:30,193.4,200.4,193.4,197.2,199.29283329198978,200.4,193.4,196.10000000000002,RED,GREEN
2025-09-04 15:07:00+05:30,197.2,198.8,196.45,197.4,197.6964166459949,198.8,196.45,197.4625,RED,GREEN
2025-09-04 15:08:00+05:30,197.4,198.65,194.35,195.1,197.57945832299745,198.65,194.35,196.375,RED,RED
2025-09-04 15:09:00+05:30,195.1,195.7,189.6,192.8,196.9772291614987,196.9772291614987,189.6,193.3,RED,RED
2025-09-04 15:10:00+05:30,192.8,195.3,186.35,192.15,195.13861458074936,195.3,186.35,191.65,RED,RED
2025-09-04 15:11:00+05:30,192.15,194.75,185.35,186.6,193.39430729037468,194.75,185.35,189.7125,RED,RED
2025-09-04 15:12:00+05:30,186.6,187.9,182.45,184.65,191.55340364518736,191.55340364518736,182.45,185.4,RED,RED
2025-09-04 15:13:00+05:30,184.65,186.15,182.75,186.05,188.47670182259367,188.47670182259367,182.75,184.89999999999998,RED,GREEN
2025-09-04 15:14:00+05:30,186.05,187.1,183.15,184.2,186.68835091129682,187.1,183.15,185.125,RED,RED
